{
	"name": "Ergomax TNK Remix",
	"vendorId": "0x746E",
	"productId": "0x0002",
	"matrix": {"cols": 8, "rows": 12},
		"layouts": {
	  "keymap": 
[
  [
    {
      "y": 0.25,
      "x": 3.5
    },
    "0,3",
    {
      "x": 11
    },
    "6,3"
  ],
  [
    {
      "y": -0.87,
      "x": 2.5
    },
    "0,2",
    {
      "x": 1
    },
    "0,4",
    {
      "x": 9
    },
    "6,4",
    {
      "x": 1
    },
    "6,2"
  ],
  [
    {
      "y": -0.8799999999999999,
      "x": 5.5
    },
    "0,5",
    "0,6",
    {
      "x": 5
    },
    "6,6",
    "6,5"
  ],
  [
    {
      "y": -0.87,
      "x": 1.5
    },
    "0,1",
    {
      "x": 15
    },
    "6,1"
  ],
  [
    {
      "y": -0.3799999999999999,
      "x": 3.5
    },
    "1,3",
    {
      "x": 11
    },
    "7,3"
  ],
  [
    {
      "y": -0.8700000000000001,
      "x": 2.5
    },
    "1,2",
    {
      "x": 1
    },
    "1,4",
    {
      "x": 9
    },
    "7,4",
    {
      "x": 1
    },
    "7,2"
  ],
  [
    {
      "y": -0.8799999999999999,
      "x": 5.5
    },
    "1,5",
    {
      "c": "#aaaaaa"
    },
    "1,6",
    {
      "x": 5
    },
    "7,6",
    {
      "c": "#cccccc"
    },
    "7,5"
  ],
  [
    {
      "y": -0.8700000000000001,
      "c": "#aaaaaa",
      "w": 1.5
    },
    "1,0",
    {
      "c": "#cccccc"
    },
    "1,1",
    {
      "x": 15
    },
    "7,1",
    {
      "c": "#aaaaaa",
      "w": 1.5
    },
    "7,0"
  ],
  [
    {
      "y": -0.3799999999999999,
      "x": 3.5,
      "c": "#cccccc"
    },
    "2,3",
    {
      "x": 11
    },
    "8,3"
  ],
  [
    {
      "y": -0.8700000000000001,
      "x": 2.5
    },
    "2,2",
    {
      "x": 1
    },
    "2,4",
    {
      "x": 9
    },
    "8,4",
    {
      "x": 1
    },
    "8,2"
  ],
  [
    {
      "y": -0.8799999999999999,
      "x": 5.5
    },
    "2,5",
    {
      "c": "#aaaaaa",
      "h": 1.5
    },
    "2,6",
    {
      "x": 5,
      "h": 1.5
    },
    "8,6",
    {
      "c": "#cccccc"
    },
    "8,5"
  ],
  [
    {
      "y": -0.8700000000000001,
      "c": "#aaaaaa",
      "w": 1.5
    },
    "2,0",
    {
      "c": "#cccccc"
    },
    "2,1",
    {
      "x": 15
    },
    "8,1",
    {
      "c": "#aaaaaa",
      "w": 1.5
    },
    "8,0"
  ],
  [
    {
      "y": -0.3799999999999999,
      "x": 3.5,
      "c": "#cccccc"
    },
    "3,3",
    {
      "x": 11
    },
    "9,3"
  ],
  [
    {
      "y": -0.8700000000000001,
      "x": 2.5
    },
    "3,2",
    {
      "x": 1
    },
    "3,4",
    {
      "x": 9
    },
    "9,4",
    {
      "x": 1
    },
    "9,2"
  ],
  [
    {
      "y": -0.8799999999999999,
      "x": 5.5
    },
    "3,5",
    {
      "x": 7
    },
    "9,5"
  ],
  [
    {
      "y": -0.8700000000000001,
      "c": "#aaaaaa",
      "w": 1.5
    },
    "3,0",
    {
      "c": "#cccccc"
    },
    "3,1",
    {
      "x": 15
    },
    "9,1",
    {
      "c": "#aaaaaa",
      "w": 1.5
    },
    "9,0"
  ],
  [
    {
      "y": -0.6299999999999999,
      "x": 6.5,
      "h": 1.5
    },
    "4,6",
    {
      "x": 5,
      "h": 1.5
    },
    "10,6"
  ],
  [
    {
      "y": -0.75,
      "x": 3.5,
      "c": "#cccccc"
    },
    "4,3",
    {
      "x": 11
    },
    "10,3"
  ],
  [
    {
      "y": -0.8700000000000001,
      "x": 2.5
    },
    "4,2",
    {
      "x": 1
    },
    "4,4",
    {
      "x": 9
    },
    "10,4",
    {
      "x": 1
    },
    "10,2"
  ],
  [
    {
      "y": -0.8799999999999999,
      "x": 5.5
    },
    "4,5",
    {
      "x": 7
    },
    "10,5"
  ],
  [
    {
      "y": -0.8700000000000001,
      "c": "#aaaaaa",
      "w": 1.5
    },
    "4,0",
    {
      "c": "#cccccc"
    },
    "4,1",
    {
      "x": 15
    },
    "10,1",
    {
      "c": "#aaaaaa",
      "w": 1.5
    },
    "10,0"
  ],
  [
    {
      "y": -0.8799999999999999,
      "x": 7.75
    },
    "3,6",
    "3,7"
  ],
  [
    {
      "y": -0.5,
      "x": 3.5,
      "c": "#cccccc"
    },
    "5,3",
    {
      "x": 11
    },
    "11,3"
  ],
  [
    {
      "y": -0.8700000000000001,
      "x": 2.5
    },
    "5,2",
    {
      "x": 1
    },
    "5,4",
    {
      "x": 9
    },
    "11,4",
    {
      "x": 1
    },
    "11,2"
  ],
  [
    {
      "y": -0.75,
      "x": 0.5,
      "c": "#aaaaaa"
    },
    "5,0",
    {
      "c": "#cccccc"
    },
    "5,1",
    {
      "x": 15
    },
    "11,1",
    {
      "c": "#aaaaaa"
    },
    "11,0"
  ],
  [
    {
      "y": -0.8799999999999999,
      "x": 6.75,
      "c": "#777777",
      "h": 2
    },
    "5,5",
    {
      "h": 2
    },
    "5,6",
    {
      "c": "#aaaaaa"
    },
    "4,7"
  ],
  [
    {
      "x": 8.75
    },
    "5,7"
  ],
  [
    {
      "rx": 13,
      "ry": 4.25,
      "y": 0.5,
      "x": -2.75
    },
    "9,7",
    "9,6"
  ],
  [
    {
      "x": -2.75
    },
    "10,7",
    {
      "c": "#777777",
      "h": 2
    },
    "11,6",
    {
      "h": 2
    },
    "11,5"
  ],
  [
    {
      "x": -2.75,
      "c": "#aaaaaa"
    },
    "11,7"
  ]
]
	}
  }